<?xml version="1.0" encoding="UTF-8"?>
<Flow xmlns="http://soap.sforce.com/2006/04/metadata">
    <actionCalls>
        <name>Rejected_Candidate_Email_Alert</name>
        <label>Rejected Candidate Email Alert</label>
        <locationX>308</locationX>
        <locationY>384</locationY>
        <actionName>Job_Application__c.Rejected_Candidate_Email_Alert</actionName>
        <actionType>emailAlert</actionType>
        <connector>
            <targetReference>Rejection_Email_Sent_Field_Update</targetReference>
        </connector>
        <flowTransactionModel>CurrentTransaction</flowTransactionModel>
        <inputParameters>
            <name>SObjectRowId</name>
            <value>
                <elementReference>$Record.Id</elementReference>
            </value>
        </inputParameters>
        <nameSegment>Job_Application__c.Rejected_Candidate_Email_Alert</nameSegment>
        <versionSegment>1</versionSegment>
    </actionCalls>
    <apiVersion>57.0</apiVersion>
    <environments>Default</environments>
    <interviewLabel>Rejected Candidate Email Scheduler Flow {!$Flow.CurrentDateTime}</interviewLabel>
    <label>Rejected Candidate Email Scheduler Flow</label>
    <processMetadataValues>
        <name>BuilderType</name>
        <value>
            <stringValue>LightningFlowBuilder</stringValue>
        </value>
    </processMetadataValues>
    <processMetadataValues>
        <name>CanvasMode</name>
        <value>
            <stringValue>AUTO_LAYOUT_CANVAS</stringValue>
        </value>
    </processMetadataValues>
    <processMetadataValues>
        <name>OriginBuilderType</name>
        <value>
            <stringValue>LightningFlowBuilder</stringValue>
        </value>
    </processMetadataValues>
    <processType>AutoLaunchedFlow</processType>
    <recordUpdates>
        <name>Candidate_Email_Field_Update_on_JA</name>
        <label>Candidate Email Field Update on JA</label>
        <locationX>308</locationX>
        <locationY>276</locationY>
        <connector>
            <targetReference>Rejected_Candidate_Email_Alert</targetReference>
        </connector>
        <inputAssignments>
            <field>Candidate_Email_Field__c</field>
            <value>
                <elementReference>$Record.Candidate_Email__c</elementReference>
            </value>
        </inputAssignments>
        <inputReference>$Record</inputReference>
    </recordUpdates>
    <recordUpdates>
        <name>Rejection_Email_Sent_Field_Update</name>
        <label>Rejection Email Sent Field Update</label>
        <locationX>308</locationX>
        <locationY>492</locationY>
        <inputAssignments>
            <field>Rejection_Email_Sent__c</field>
            <value>
                <booleanValue>true</booleanValue>
            </value>
        </inputAssignments>
        <inputReference>$Record</inputReference>
    </recordUpdates>
    <start>
        <locationX>50</locationX>
        <locationY>0</locationY>
        <filterLogic>(1 OR 2 OR 3) AND 4 AND 5</filterLogic>
        <filters>
            <field>Status__c</field>
            <operator>EqualTo</operator>
            <value>
                <stringValue>TR1</stringValue>
            </value>
        </filters>
        <filters>
            <field>Status__c</field>
            <operator>EqualTo</operator>
            <value>
                <stringValue>TR2</stringValue>
            </value>
        </filters>
        <filters>
            <field>Status__c</field>
            <operator>EqualTo</operator>
            <value>
                <stringValue>Management Reject</stringValue>
            </value>
        </filters>
        <filters>
            <field>Rejection_Email_Sent__c</field>
            <operator>EqualTo</operator>
            <value>
                <booleanValue>false</booleanValue>
            </value>
        </filters>
        <filters>
            <field>RejectionFeedbackCollectionDate__c</field>
            <operator>IsNull</operator>
            <value>
                <booleanValue>false</booleanValue>
            </value>
        </filters>
        <object>Job_Application__c</object>
        <recordTriggerType>Update</recordTriggerType>
        <scheduledPaths>
            <name>RejectedCandidateEmailScheduler</name>
            <connector>
                <targetReference>Candidate_Email_Field_Update_on_JA</targetReference>
            </connector>
            <label>RejectedCandidateEmailScheduler</label>
            <offsetNumber>24</offsetNumber>
            <offsetUnit>Hours</offsetUnit>
            <recordField>RejectionFeedbackCollectionDate__c</recordField>
            <timeSource>RecordField</timeSource>
        </scheduledPaths>
        <triggerType>RecordAfterSave</triggerType>
    </start>
    <status>Active</status>
</Flow>
